packageId,state,path,sha256,width,height,figureHeight,nontransparentBorderPixels,reviewer,action,severity,confidence,finding
"algorithmic-prophet","selection","src/assets/characters/algorithmic-prophet.png","ff418c1e583b53cb8b5114aaf6250fc69eb95d4757bdc9ab187349bc26954f6d","2048","2048","1911","0","a","keep","none","high","Selection has a firm hat-brim and jacket silhouette. The raised forearm and cuff use a continuous dark edge, and the chin profile stays defined; finger-detail lines are finer than the enclosing hand contour."
"algorithmic-prophet","thinking","src/assets/characters/states/algorithmic-prophet/thinking.png","28564cb59a56801282f7c5c47352bf738f388b0c492569f37818d853cf031069","2048","2048","1934","0","a","keep","none","high","Thinking keeps the same dark hat and sleeve perimeter. The bent elbow is heavier than the fine pendulum chain, which is a prop detail; no abrupt contour gap is visible around the fist or cuff."
"algorithmic-prophet","delivery","src/assets/characters/states/algorithmic-prophet/delivery.png","1f1b484735f2eea59f90f3b754986a1307c954f67d97fbf149c15aa73a1421f1","2048","2048","1986","0","a","keep","none","high","Delivery keeps a clean open-palm silhouette and jacket edge. The fingers taper more finely than the sleeve but remain connected; the thick black eyebrows are interior shapes and are not outline-width evidence."
"algorithmic-prophet","light-hit","src/assets/characters/states/algorithmic-prophet/light-hit.png","f3952e5d5e673bf113fb89be5936080a922f0deaf7f115290ab032706b6c184d","2048","2048","1965","0","a","keep","none","high","Light-hit has continuous hat, ear, open-hand and cuff outlines. The lower sleeve edge remains strong, close to selection; no visible pose-specific thinning of the torso boundary."
"algorithmic-prophet","heavy-hit","src/assets/characters/states/algorithmic-prophet/heavy-hit.png","047bf30233d739cd1f37cdb428e7e3b602a1f356ec6bf7fb03f568cc488c581a","2048","2048","1918","0","a","keep","low","high","Heavy-hit has a strong elbow and jacket underside, while exposed fingers have a lighter but continuous perimeter. This is the largest local weight contrast in the package, without an observed break or halo."
"algorithmic-prophet","weakness","src/assets/characters/states/algorithmic-prophet/weakness.png","b7ee442516f407e506efc134bffb6876f8ba072fd3a5aa5797bb8c4df266858a","2048","2048","1960","0","a","keep","none","high","Weakness retains a firm bent-elbow perimeter and hat brim. The finger against the hat is outlined clearly, and the joined arm/torso boundary does not show an added rim or obvious doubling."
"apartment-block-geopolitician","selection","src/assets/characters/apartment-block-geopolitician.png","e2b0620f775e6e3c699740b49e6c977a3b9ed19b07c584fe03dae0cd7565a989","1254","1254","1225","0","a","keep","none","high","Selection has a clear cap crown and brim, ear profile and elbow outline. The cap-holding fingertips remain closed, while the glasses and plush tail are finer object details."
"apartment-block-geopolitician","thinking","src/assets/characters/states/apartment-block-geopolitician/thinking.png","5a557d3ec057276cdf10e93977fb6cdf1915a2da23e8c66bbd27c32bba1da4d6","1254","1254","1225","0","a","keep","none","high","Thinking preserves the selection's cap and face contour. The raised elbow and finger beside the glasses carry continuous dark lines with no visible local loss at the cuff."
"apartment-block-geopolitician","delivery","src/assets/characters/states/apartment-block-geopolitician/delivery.png","ccc2ba41ea55f81d8e7e79765bb6b5e372b714e000fde12c8fbb5a8a4d2b331a","1254","1254","1234","0","a","keep","none","high","Delivery keeps the jacket shoulder/elbow line close to selection. The pointing finger and raised plush are separated clearly; the mouse ears have a lighter object contour but no obvious broken boundary."
"apartment-block-geopolitician","light-hit","src/assets/characters/states/apartment-block-geopolitician/light-hit.png","1341b29278bfd9239770a46db5b5d3abbf4b3206e8fee9a73b43ce2e48586df6","1254","1254","1229","0","a","keep","none","high","Light-hit keeps the cap and cheek outline stable. The outside elbow is moderately heavy and the open palm is finer, with a clear enclosing line on both light and dark sheets."
"apartment-block-geopolitician","heavy-hit","src/assets/characters/states/apartment-block-geopolitician/heavy-hit.png","b9eea05912404de268344a96cd73cbe1311c38b5f0997f299c3d6cc1c6cfd565","1254","1254","1224","0","a","keep","low","high","Heavy-hit maintains a clear raised sleeve, hand-on-cap silhouette and trouser outline. The hand line is finer than the jacket underarm, making this the best stress sample for local hierarchy, but not an obvious width failure."
"apartment-block-geopolitician","weakness","src/assets/characters/states/apartment-block-geopolitician/weakness.png","55ac375e958f7cf3187d6c9b2e978886e8327f51302a619678d7e9b4c2bd4449","1254","1254","1219","0","a","keep","none","high","Weakness retains the same firm cap and outside arm outline. The crossed hand and plush grip remain clear; the nearby internal coat lines do not create a second outer stroke."
"black-sea-captain","selection","src/assets/characters/black-sea-captain.png","56fcaae0439e5aee73d839d056a02f0e9206746111d0cd2c5045025b59c25b89","1254","1254","1227","0","a","keep","medium","high","Selection uses a thin continuous contour around the cream cap, long outer sleeve and both trouser legs. At equal figure height these boundaries are weaker than the Alchemist's jacket and Oracle's cuff, although the silhouette is complete."
"black-sea-captain","thinking","src/assets/characters/states/black-sea-captain/thinking.png","df8cbbb1973a427103d321946e2e933431ad95928cf1cfd8808b845aee2f6931","1254","1254","1227","0","a","keep","medium","high","Thinking keeps a clean cap edge and elbow curve, with no visible gap where the hand meets the chin. Its sleeve and cheek contours stay fine like selection; the thick navy cuff bands are filled decoration, not thicker silhouette strokes."
"black-sea-captain","delivery","src/assets/characters/states/black-sea-captain/delivery.png","7bcf827fc12503c042a49c7bc380409d1fa86f9e7cda1a25480856013f94a5c1","1254","1254","1232","0","a","keep","medium","high","Delivery has a thin cap, outer elbow and pointing-hand boundary. The sleeve edge remains continuous, but the entire figure has a lighter perimeter than the heavier blue-suit packages."
"black-sea-captain","light-hit","src/assets/characters/states/black-sea-captain/light-hit.png","60b29fdf6f7ee905c1fa8937f1b4273acb0bdbc684ca641c8e991f0f6ab74b69","1254","1254","1225","0","a","keep","medium","high","Light-hit preserves the fine cream sleeve and shoulder edge. The hand across the chest has a similarly fine dark perimeter; no abrupt width jump from selection is visible."
"black-sea-captain","heavy-hit","src/assets/characters/states/black-sea-captain/heavy-hit.png","eaaefc0a09bb759ce5390b62649a2294fde6b6dc4196e2a0f1bb34abc35ab764","1254","1254","1224","0","a","keep","medium","high","Heavy-hit keeps thin outlines around the raised fingers, cuff, outer knee and cap. The shape is readable through strong cream/navy contrast, but the enclosing stroke remains lighter than the group median by visual comparison."
"black-sea-captain","weakness","src/assets/characters/states/black-sea-captain/weakness.png","fc8f406c84d565ca163270a466c0b17bdc13a00fa62948455d55bd9b4ce48d2a","1254","1254","1216","0","a","keep","medium","high","Weakness has a fine rounded elbow and lapel-side silhouette, consistent with its other five sources. The cap and outer trouser contour remain light; the dark cuff fills should not be counted as perimeter weight."
"coalition-acrobat","selection","src/assets/characters/coalition-acrobat.png","72220420469e99772352b16ba90fdd630ce68d85a21adb5cd851b6cb874a05be","1254","1254","1151","0","a","keep","none","high","Selection has a firm continuous elbow and jacket-hem contour, and a clean scalp/ear boundary. The glasses and beard use separate fine detail without an extra pale outer rim."
"coalition-acrobat","thinking","src/assets/characters/states/coalition-acrobat/thinking.png","2451fcf5f7317fe203b90d91559f9227e0af54133c09d3185bf063d2191eca17","1254","1254","1162","0","a","keep","none","high","Thinking preserves the rounded elbow weight and dark jacket perimeter. The horizontal folder has a finer straight edge, and the gripping fingers remain distinct."
"coalition-acrobat","delivery","src/assets/characters/states/coalition-acrobat/delivery.png","aa1b108a9b793f1eab88d14108b184568b2997e31ec34aa89065184fa7e8048d","1254","1254","1152","0","a","keep","none","high","Delivery keeps the jacket and elbow weight close to selection. The upturned palm is finer than the coat but is fully enclosed; no new halo is visible on the dark sheet."
"coalition-acrobat","light-hit","src/assets/characters/states/coalition-acrobat/light-hit.png","ba932b66bf4011b77d075ab998f7e0be9f136bd6c0edf3244440f92d64ac52e0","1254","1254","1153","0","a","keep","none","high","Light-hit has the same firm elbow/hem boundary and defined scalp contour. Lines around the folder grip are thinner internal separations rather than missing exterior ink."
"coalition-acrobat","heavy-hit","src/assets/characters/states/coalition-acrobat/heavy-hit.png","b1a7b0160e27ad4898b0ab14f9e0c1dbd48114ef40c1e0747fd440cdea528534","1254","1254","1144","0","a","keep","low","high","Heavy-hit keeps a strong outside jacket edge, while the splayed palm fingers use a lighter enclosing line. This is the largest local hand-to-sleeve contrast, but it follows the package's hierarchy."
"coalition-acrobat","weakness","src/assets/characters/states/coalition-acrobat/weakness.png","fc9df21d3cd08b2f3f990020437e2377551d8a2013ef8851e3f945efccec0630","1254","1254","1154","0","a","keep","none","high","Weakness retains a strong rounded outside elbow and coat hem. The crossed forearms use interior dark separations without a visible doubled silhouette or state-specific thickening."
"county-baron","selection","src/assets/characters/county-baron.png","4f65264b64807491668615dad57121ac0ba678c3305a9f077f83426c88dc809a","1254","1254","1133","0","a","keep","none","high","Selection has a strong cheek/chin profile and rounded outside elbow. The hanging hand and folder perimeter remain clear; the source uses thinner internal fingers than the enclosing suit edge."
"county-baron","thinking","src/assets/characters/states/county-baron/thinking.png","ed0dc63d5439500ca7551416135f9e0ebad128780588c39589eca71bb8ea5c91","1254","1254","1157","0","a","keep","none","high","Thinking retains the selection's face outline and sleeve underside. The raised hand at the lapel uses finer fingers while the outside wrist remains continuous."
"county-baron","delivery","src/assets/characters/states/county-baron/delivery.png","2e6cb8a4053db0fcf57b66af11db9e1f853d6e58d602c62eb4430e8eafcfe024","1254","1254","1154","0","a","keep","low","high","Delivery has a clear extended palm and sleeve outline. The fingers narrow more than the cuff/coat boundary, which makes this the most useful fine-feature stress sample rather than an observed broken contour."
"county-baron","light-hit","src/assets/characters/states/county-baron/light-hit.png","945a8d91bab14099ecad01d81e95f05c3bfe98b082a14c4db2fb655de2ef772a","1254","1254","1135","0","a","keep","none","high","Light-hit keeps a firm profile and outside elbow, with stable dark lines at the folder grip. The small lifted hand is finely drawn without a new exterior rim."
"county-baron","heavy-hit","src/assets/characters/states/county-baron/heavy-hit.png","a7c7f25979153a01e603720826d924fdcc5cf6d6c70c9e3c27002f96bbda46bd","1254","1254","1141","0","a","keep","none","high","Heavy-hit keeps the jacket elbow and hem weight close to the calmer states. The raised palm and bent trouser silhouette remain closed; no obvious thinning caused by the recoil pose."
"county-baron","weakness","src/assets/characters/states/county-baron/weakness.png","d5ca96f3ff1408685219ab50170354515c035689b78d472cbea7f495aa618517","1254","1254","1163","0","a","keep","none","high","Weakness preserves the firm outside sleeve and shoulder contour. The folder, cheek and gripping fingers stay distinct even where grouped tightly near the face."
"county-baron--municipal-patron","selection","src/assets/characters/county-baron--municipal-patron.png","aebc3932a41ee778ba22835783ff59fb00ec0c34da148e7dfba2eecfa6a32444","1254","1254","1161","0","a","keep","none","high","Selection has a continuous moderate scalp/ear outline and a clean outstretched palm edge. The underside of the sleeve is slightly stronger than the finger lines; no broken elbow or jacket perimeter is visible."
"county-baron--municipal-patron","thinking","src/assets/characters/states/county-baron--municipal-patron/thinking.png","0ff60c5de55206cb0e707aca97f76c958527b948273fba1c9d490de99c53b856","1254","1254","1139","0","a","keep","none","high","Thinking retains the selection's scalp and jacket line hierarchy. The chin-touching hand is finer than the rounded elbow, with a clear cuff junction and no visible pale rim."
"county-baron--municipal-patron","delivery","src/assets/characters/states/county-baron--municipal-patron/delivery.png","46b55d19ade799c0b8c2868b91dc61e934ff8d3e7128f1d3f048cfbe8420ad3c","1254","1254","1215","0","a","keep","none","high","Delivery has a firm open-hand perimeter and dark sleeve underside. At equal figure height it remains close to selection despite its greater native figure height; the beard's fine hairs are internal texture."
"county-baron--municipal-patron","light-hit","src/assets/characters/states/county-baron--municipal-patron/light-hit.png","042955694f000013d7161b1b773a5b8e3610f695af72b5fbd5d0c6b7b4cdc8c4","1254","1254","1159","0","a","keep","none","high","Light-hit keeps the curved outside elbow and shoulder contour continuous. The half-raised hand has a finer line than the suit edge, consistent with the other states."
"county-baron--municipal-patron","heavy-hit","src/assets/characters/states/county-baron--municipal-patron/heavy-hit.png","3c2312c2f392d7cecccf3278c9669ab8891e00b540356c1f09e93d2a0492880e","1254","1254","1155","0","a","keep","low","high","Heavy-hit exposes the strongest local contrast between the fine splayed fingers and the broad jacket edge. The finger tips and lifted hem stay closed, and the dark background shows no obvious detached halo."
"county-baron--municipal-patron","weakness","src/assets/characters/states/county-baron--municipal-patron/weakness.png","39ad3f073c7993a2acaafb3a96eff3b974e632ad1f65155d536aa80dc81cddc9","1254","1254","1136","0","a","keep","none","high","Weakness preserves the scalp, shoulder and bent-elbow contour weight. The hand at the collar and folder grip remain separated; the beard remains softer than the clothing because of its fine texture."
"diaspora-oracle","selection","src/assets/characters/diaspora-oracle.png","5dde7062b3ee7c30d81de122ced3124c8e161b9cb55e574e048fe1388bd4f43b","1254","1254","1179","0","a","keep","none","high","Selection has a bold, continuous rolled-cuff perimeter and clear jaw/neck edge. The shirt side and hand outline stay controlled; the microphone's solid black head is an internal prop fill."
"diaspora-oracle","thinking","src/assets/characters/states/diaspora-oracle/thinking.png","504b432a87fd9b10eb6a5b2bfa4acc223aba9e4efbb980e3504677261ebb38a5","1254","1254","1182","0","a","keep","none","high","Thinking keeps the selection's cuff, forearm and jaw weight. Closely grouped hand, microphone and paper edges remain separable with no visible outline doubling."
"diaspora-oracle","delivery","src/assets/characters/states/diaspora-oracle/delivery.png","b6559c71bf5722f99fa8cbadd17e1e6578362424e58f7447e6e387dfb0dc149b","1254","1254","1182","0","a","keep","none","high","Delivery has the same strong rolled sleeve and jaw contour. The open mouth introduces larger black interior fills without changing the enclosing face weight."
"diaspora-oracle","light-hit","src/assets/characters/states/diaspora-oracle/light-hit.png","0ee075ea9d39ca3a25e6e359d30b6e90aa59d79c89a5cb9743be5fa4c572191c","1254","1254","1178","0","a","keep","none","high","Light-hit maintains a rounded, firm cuff and outside shirt shoulder. The hand and microphone stay enclosed, and the trouser perimeter remains comparable to selection."
"diaspora-oracle","heavy-hit","src/assets/characters/states/diaspora-oracle/heavy-hit.png","ebfc7472c898e1512def44105603c3f8c929e36cb0172a7ea94a8cff97c20e7f","1254","1254","1191","0","a","keep","low","high","Heavy-hit keeps the raised forearm and cuff firmly outlined despite the wider stance. The stretched trouser edges are a little finer in appearance than the white cuff, but no obvious state-specific break or halo is visible."
"diaspora-oracle","weakness","src/assets/characters/states/diaspora-oracle/weakness.png","53efb361e894031631745cb3e6e7de49261371e48da76c37cfd20ae76fa1300d","1254","1254","1185","0","a","keep","none","high","Weakness retains the selection's cuff and jaw strength. The forearm and hand near the chest keep a clean outside boundary while the paper-stack lines remain finer."
"eu-funds-alchemist","selection","src/assets/characters/eu-funds-alchemist.png","8a10f7ea3a598c27768a55aac8c9b6352e69a70e0a4ef5792ceae6738788b5f3","1254","1254","1212","0","a","keep","none","high","Selection has a firm near-black outside elbow and sleeve underside, with a slightly finer jaw and hand boundary. The glasses are thin internal detail; the coat silhouette has no visible gaps."
"eu-funds-alchemist","thinking","src/assets/characters/states/eu-funds-alchemist/thinking.png","56d12d1021bfb7c237bca87526c2ca6206434e96b4729dbbeb534d6b71772a30","1254","1254","1197","0","a","keep","none","high","Thinking keeps a strong rounded elbow and shoulder edge. The lowered head profile remains clear, and there is no material jump in line weight relative to selection."
"eu-funds-alchemist","delivery","src/assets/characters/states/eu-funds-alchemist/delivery.png","b24e0a4ecbb07c1ba65dac6a46c1a39183ef34b78e06bde7a5248df45a73db70","1254","1254","1197","0","a","keep","none","high","Delivery preserves the firm suit outline at both elbows and jacket hem. The extended stamp hand is finer than the sleeve but is completely enclosed."
"eu-funds-alchemist","light-hit","src/assets/characters/states/eu-funds-alchemist/light-hit.png","68a3713baf7dbc5ba3a13061446b03b19fca20a4eb3eed20cf880a6760a5a065","1254","1254","1215","0","a","keep","none","high","Light-hit has a strong near-black sleeve and shoulder perimeter, close to selection. The facial profile and raised stamp hand keep thinner controlled lines without a visible broken edge."
"eu-funds-alchemist","heavy-hit","src/assets/characters/states/eu-funds-alchemist/heavy-hit.png","12ee2df63d226d6a3c3e4a1026f6bdebeab51138b2e272c41f739905ba88f76a","1254","1254","1203","0","a","keep","none","high","Heavy-hit keeps the outside bent elbow and jacket hem weight close to the other poses. The open mouth is a black fill; it is not evidence of a thicker face contour."
"eu-funds-alchemist","weakness","src/assets/characters/states/eu-funds-alchemist/weakness.png","3fecbdfe9a6f763d7e6b7b81a4b79951cb1fcaa4ec2ea83997459c25d506a860","1254","1254","1193","0","a","keep","low","high","Weakness has a particularly heavy-looking elbow underside beside the dark torso gap. Part of this impression comes from the adjacent shadow fill; the enclosing line remains continuous and not clearly wider than the rest of the set."
"football-tycoon","selection","src/assets/characters/football-tycoon.png","495b2f708709726f1e61f19ff5afabadba061cee8b7f83388b6d29e96ebf1d97","1254","1254","1219","0","a","keep","none","high","Selection has a strong outside bent sleeve and jacket edge. The cheek is moderately outlined, but the grey hair perimeter is softer and finer; bright pinstripes meet the dark outline without a detached rim."
"football-tycoon","thinking","src/assets/characters/states/football-tycoon/thinking.png","8be79e7066f24b3258d40a96f22487e722612a501a483ec3835ab2b8060bedc9","1254","1254","1219","0","a","keep","none","high","Thinking retains the dark elbow and sleeve weight, while the fist near the chin has a finer enclosing line. The short hair edge remains textured like selection rather than changing to a hard thick rim."
"football-tycoon","delivery","src/assets/characters/states/football-tycoon/delivery.png","2b2073d301d965c3be7594267f0472ad231100e5364a7cfe57560e33eb770856","1254","1254","1210","0","a","keep","none","high","Delivery keeps the sleeve edge and outstretched palm continuous. The finger contours are finer than the coat, and the textured hair boundary remains the same soft treatment."
"football-tycoon","light-hit","src/assets/characters/states/football-tycoon/light-hit.png","9681d5c3a3e8568f3a22e75dbde605412356bda57970664659688bfb0c27130c","1254","1254","1214","0","a","keep","none","high","Light-hit has a firm rounded outside elbow and a clearly enclosed open palm. The cloth pinstripes can make the perimeter look uneven, but the dark outer line itself stays connected."
"football-tycoon","heavy-hit","src/assets/characters/states/football-tycoon/heavy-hit.png","b14e54ad4a1a730e80445005b2a3b3621361e7492974e9394bc887fa9a65ab8d","1254","1254","1209","0","a","keep","low","high","Heavy-hit bends the striped suit around the elbow and knees, producing the most visually busy outline sample. The dark perimeter is still continuous; stripe intersections and nearby shadow shapes must not be read as stroke-width changes."
"football-tycoon","weakness","src/assets/characters/states/football-tycoon/weakness.png","545ea4e25916c946dd5afb69a8d8575d727f7674bf0265e09018bd9a3617fb25","1254","1254","1218","0","a","keep","none","high","Weakness retains a strong outside sleeve and jacket edge around the compact pose. The head still has the fine textured hair edge, and the hand/rosary overlap does not show an added outer halo."
"government-ai","selection","src/assets/characters/government-ai.png","fbb90cb43ab65f3613653dcfa03df407e1177102e1e745b810125b4b9a2216a0","2048","2048","2000","0","b","preserve","none","high","Visual review: Head casing and antenna are finely outlined; outer boot and palm remain connected. Paper-sheet overlap gives a doubled prop edge rather than a broader body contour. Measured median: 3.88 native pixels, or 1.94 per 1000 selection-figure pixels, from 8 main-figure probes."
"government-ai","thinking","src/assets/characters/states/government-ai/thinking.png","fd18d9e34d2ebc444beee86a5ec01c99ed4b88f4818da52e8eeaca07f126019e","2048","2048","1993","0","b","preserve","none","high","Visual review: Tilted monitor corners and book-gripping fingers have fine dark outlines. Layered sheet edges are separately drawn and should not be measured as one silhouette line. Measured median: 4.47 native pixels, or 2.24 per 1000 selection-figure pixels, from 7 main-figure probes."
"government-ai","delivery","src/assets/characters/states/government-ai/delivery.png","ee00b7be6269223a88001e7b120090573908eb6b820b7de9ed05cb2e575f5ce0","2048","2048","2000","0","b","preserve","none","high","Visual review: Extended fingers remain individually enclosed. Monitor side and antenna stay in the same contour family as selection; dark fingertip fill gives apparent local thickness. Measured median: 4.75 native pixels, or 2.38 per 1000 selection-figure pixels, from 12 main-figure probes."
"government-ai","light-hit","src/assets/characters/states/government-ai/light-hit.png","5a822bbe49296805844554e5c3a5dac4e26cf58d9e7c4c58c8a7a7ff889aa1cd","2048","2048","1994","0","b","preserve","none","high","Visual review: Leaning monitor rim and spread fingers maintain their fine connected ink. Weathered head paint adds edge detail but no clear broken silhouette is visible. Measured median: 4.58 native pixels, or 2.29 per 1000 selection-figure pixels, from 12 main-figure probes."
"government-ai","heavy-hit","src/assets/characters/states/government-ai/heavy-hit.png","1c11c92f33e93866b9505a092cc22426b8d76004cc57c0f41eeae01d955bd53a","2048","2048","1977","0","b","preserve","none","high","Visual review: Diagonal leg and open hand edges stay continuous. Rounded joints and boot soles create local dark mass, while the monitor and paper outline remain comparatively thin. Measured median: 3.94 native pixels, or 1.97 per 1000 selection-figure pixels, from 10 main-figure probes."
"government-ai","weakness","src/assets/characters/states/government-ai/weakness.png","17e4d852a1c25f6ea1ae84510a88a11c68467eadbfde087f44a9b191a0a8eeae","2048","2048","1992","0","b","preserve","none","high","Visual review: Paper-gripping fingers and slumped monitor retain selection-like weight. Close torso-hand overlaps increase black density internally without a demonstrated outer-outline jump. Measured median: 4.68 native pixels, or 2.34 per 1000 selection-figure pixels, from 8 main-figure probes."
"government-ai--alternate","selection","src/assets/characters/government-ai--alternate.png","40aa12acc9d24a1f0338b8b0b11f7a8aa9bdfb59d1f4b721ee2e5e705ec7e8a3","2048","2048","1936","0","b","preserve","none","high","Visual review: Continuous dark head polygon and elbow rim; silver shoulder facets meet a finer outer line. Wheel shadows are filled shapes, not evidence of thicker contour. Measured median: 4.00 native pixels, or 2.07 per 1000 selection-figure pixels, from 11 main-figure probes."
"government-ai--alternate","thinking","src/assets/characters/states/government-ai--alternate/thinking.png","6edd339779fac6f71254552d21c56389b2f7dd0363585bb3e51d128dc6546a07","2048","2048","1951","0","b","preserve","none","high","Visual review: Head corners and chin-hand silhouette remain connected. The raised elbow uses the same contour family as selection; inset panel seams are intentionally finer. Measured median: 4.96 native pixels, or 2.56 per 1000 selection-figure pixels, from 11 main-figure probes."
"government-ai--alternate","delivery","src/assets/characters/states/government-ai--alternate/delivery.png","7008fd51be483e7fd1e483038723087f8a6626a2263c270b7e7f7cca06e3d2b7","2048","2048","1973","0","b","preserve","none","high","Visual review: Spread fingers and palm retain a dark connected edge. The broad dark wrist joint increases apparent weight locally, while head and silver forearm outlines remain consistent. Measured median: 5.31 native pixels, or 2.75 per 1000 selection-figure pixels, from 11 main-figure probes."
"government-ai--alternate","light-hit","src/assets/characters/states/government-ai--alternate/light-hit.png","460465ab7b4d5f89a6a8e26a12fcb5834c8ccb65bf20f7cf5a1b5e975852d388","2048","2048","1946","0","b","preserve","none","high","Visual review: Tilted head perimeter and exposed outer elbow remain connected. Dark mechanical gaps make the arm look heavier without a demonstrated change in silhouette stroke. Measured median: 5.60 native pixels, or 2.89 per 1000 selection-figure pixels, from 10 main-figure probes."
"government-ai--alternate","heavy-hit","src/assets/characters/states/government-ai--alternate/heavy-hit.png","84882f1544a2f7885308aadd0c83ec157a006b312d9464eec61a45d44fe24493","2048","2048","1938","0","b","preserve","none","high","Visual review: Head edge and diagonal raised forearm use the same thin-to-moderate silhouette treatment; dark elbow cavity is a separate filled form. No obvious pale halo. Measured median: 5.82 native pixels, or 3.01 per 1000 selection-figure pixels, from 12 main-figure probes."
"government-ai--alternate","weakness","src/assets/characters/states/government-ai--alternate/weakness.png","f41d1198d2fd1bb7c387984211d04befa0c7f14c2bee2dfaea8fd1dc5a5020b0","2048","2048","1948","0","b","preserve","none","high","Visual review: Folded hands, head rim and outer silver forearm stay crisp. The compact gesture concentrates dark joint shapes but does not show a clear contour jump. Measured median: 5.89 native pixels, or 3.04 per 1000 selection-figure pixels, from 12 main-figure probes."
"government-ai--schoolteacher","selection","src/assets/characters/government-ai--schoolteacher.png","35646c833b5f5de296a24191691592bda5ec421845d23facfd002c10149ee704","2048","2048","1942","0","b","preserve","none","high","Visual review: Thin continuous line encloses the face casing and long silver forearm; ruler edge is finer. Dark elbow and wheel mass does not indicate an outline-width defect. Measured median: 3.54 native pixels, or 1.82 per 1000 selection-figure pixels, from 15 main-figure probes."
"government-ai--schoolteacher","thinking","src/assets/characters/states/government-ai--schoolteacher/thinking.png","16c944870ee1ba78e3609966912d64e1d014f04ccbc7441d89a287bd80da7b41","2048","2048","1961","0","b","preserve","none","high","Visual review: Raised chin-hand, forearm and face rim retain selection weight. The burgundy torso edge is continuous beside the navy side panel; no visible pale halo. Measured median: 3.75 native pixels, or 1.93 per 1000 selection-figure pixels, from 11 main-figure probes."
"government-ai--schoolteacher","delivery","src/assets/characters/states/government-ai--schoolteacher/delivery.png","c4b1bb902cc715c5fe3d9bd1e3ee13df880a1338337d5a601a03c23a409da6e8","2048","2048","1951","0","b","preserve","none","high","Visual review: Extended elbow curve and ruler-hand silhouette stay connected. The dark elbow rim looks heavier because of its filled joint construction; head casing remains fine and even. Measured median: 3.39 native pixels, or 1.75 per 1000 selection-figure pixels, from 12 main-figure probes. Exterior RGB processing changed 16 edge pixels with alpha unchanged; eight reviewed and 42 nearby edges pass 1.80–2.20. Unsampled perimeter remains unverified."
"government-ai--schoolteacher","light-hit","src/assets/characters/states/government-ai--schoolteacher/light-hit.png","4a305ed9a206dcaba0af7bd4d3acf64b303f9b805976c5be75aa2eabf7942c89","2048","2048","1920","0","b","preserve","none","high","Visual review: Tilted face rim and lowered elbow curve retain the same controlled line. The navy casing loses contrast on dark background without a missing source edge. Measured median: 4.24 native pixels, or 2.18 per 1000 selection-figure pixels, from 7 main-figure probes."
"government-ai--schoolteacher","heavy-hit","src/assets/characters/states/government-ai--schoolteacher/heavy-hit.png","bb8b564970ccb83fd5ebfe840fc82f42f28a6086022b7edca5fa8a87bb5fe09f","2048","2048","1939","0","b","preserve","none","high","Visual review: Reclined head casing and diagonally raised forearm retain fine outlines. The elbow's dark mechanical ring adds local mass; full silhouette does not show a pose-wide weight jump. Measured median: 3.99 native pixels, or 2.05 per 1000 selection-figure pixels, from 11 main-figure probes."
"government-ai--schoolteacher","weakness","src/assets/characters/states/government-ai--schoolteacher/weakness.png","2c3ee48b83f88d3a8d0f75006f3360b30356c3f96a8206cd443f8b59fef544bf","2048","2048","1969","0","b","preserve","none","high","Visual review: Clasped ruler-hand and forearm have connected fine edges. Face casing and outer skirt contour remain comparable to selection despite the more compact upper-body gesture. Measured median: 4.24 native pixels, or 2.18 per 1000 selection-figure pixels, from 7 main-figure probes."
"luxury-minister","selection","src/assets/characters/luxury-minister.png","86a5aca6e7314a1dbde6089c42d37f63c383e080617dae6001522550904a582c","1254","1254","1222","0","a","keep","medium","high","Selection has a fine, continuous hair perimeter, angled cream sleeve and long trouser edges. The enclosing line is visibly lighter than the strong blue-suit references at equal figure height; no obvious gap or halo is visible."
"luxury-minister","thinking","src/assets/characters/states/luxury-minister/thinking.png","66a5757bbcd64734bad5a71f0a8180999b6b337e10863683e1e15ccd0b388cd1","1254","1254","1213","0","a","keep","medium","high","Thinking keeps the fine hair and rounded raised-elbow contour. The finger near the temple is clearly enclosed, and the fine trouser outline matches selection rather than showing a pose-specific failure."
"luxury-minister","delivery","src/assets/characters/states/luxury-minister/delivery.png","71d0576bc336436fdb4e012422f8719df709f9f27cd427903bb1559b18639257","1254","1254","1217","0","a","keep","medium","high","Delivery preserves the thin outer hair and open-arm sleeve line. The pointed fingertips are more delicate than the cuff edge, but the silhouette remains connected; the set-wide light weight is the main concern."
"luxury-minister","light-hit","src/assets/characters/states/luxury-minister/light-hit.png","90474996559d6519305fafc7e2b626a7558d15f5fcd24c5360f1ec0fe05a575d","1254","1254","1218","0","a","keep","medium","high","Light-hit keeps a fine outside elbow, raised palm and hair edge. The trouser perimeter is consistently light; the cuff's dark burgundy fill should not be mistaken for a thick black outline."
"luxury-minister","heavy-hit","src/assets/characters/states/luxury-minister/heavy-hit.png","1232d958ef49e1f818f6ed8ba34f8a06ae43f2c8faf41c7f0279a39dc66a6524","1254","1254","1228","0","a","keep","medium","high","Heavy-hit has fine curves around the bent elbow, knees and hair tips. The larger number of small hair points makes this the best stress case for a proposed weight adjustment; no material contour break is established by the supplied sheets."
"luxury-minister","weakness","src/assets/characters/states/luxury-minister/weakness.png","e22b3e38ac4aaacbb793ec2bdbd1ae3bbff0487a63c3082f046f0b08b41da77b","1254","1254","1216","0","a","keep","medium","high","Weakness keeps the fine outside sleeve and close-set trouser edges. The clasped hands and phone remain distinct, and there is no visible state-specific stroke thickening."
"marble-diplomat","selection","src/assets/characters/marble-diplomat.png","7bacc2f088b9040f2d69574c5e33702707083262617d1588f55789d1c02c4a8f","1254","1254","1174","0","b","keep","low","high","Suit shoulder, elbow and jaw have continuous relatively fine dark outlines. The folder is comparably fine; sleeve-fold shadow bands are broader fills, not the contour."
"marble-diplomat","thinking","src/assets/characters/states/marble-diplomat/thinking.png","585cfec07f85de7954bda260483f498e330bc7d9bbeccb7035aeda4670874cae","1254","1254","1177","0","b","keep","low","high","Chin-hand and bent elbow use stable dark edges. The elbow line is a little heavier than facial detail, but the outer silhouette remains consistent with selection."
"marble-diplomat","delivery","src/assets/characters/states/marble-diplomat/delivery.png","fc9bc60e53f1d750f1ba428572ebfe04cf875fdd7e4f80d1f7518cb77758e234","1254","1254","1188","0","b","keep","low","high","Upturned hand and outer sleeve maintain the package's fine weight. Folder corners are sharp and connected; no broad dark-band growth appears around the arm."
"marble-diplomat","light-hit","src/assets/characters/states/marble-diplomat/light-hit.png","11b4cda362259c94c3b9c2b7d67b693c26b78139d516b9cd26fe659d659a575e","1254","1254","1159","0","b","keep","low","high","Raised fingers and exposed elbow are clearly enclosed. Suit side, trouser and jaw contours remain comparable to selection; no obvious halo appears on dark background."
"marble-diplomat","heavy-hit","src/assets/characters/states/marble-diplomat/heavy-hit.png","834c8c3b6a51afd58b617c8576417efa714c06c21da798705e3c9dbc3eec850b","1254","1254","1155","0","b","keep","low","high","Diagonal elbow and extended trouser outline stay connected through the bent pose. The folder has a fine clean edge without a substantial shift in body contour weight."
"marble-diplomat","weakness","src/assets/characters/states/marble-diplomat/weakness.png","565ee13ffc35a8e9aa0a4a1cba245922b938a967821adbc980b783581ef8be72","1254","1254","1161","0","b","keep","low","high","Rounded raised shoulders and crossed forearm keep fine connected contours. Tight overlaps near the cuffs are internal boundaries, not evidence of a thicker external stroke."
"midnight-sensationalist","selection","src/assets/characters/midnight-sensationalist.png","9d9461d5ffa1edaaaa1343ee5e65c8ec5efae99f528e4a8c2c4426b5362c89e0","1254","1254","1155","0","b","keep","none","high","Jaw, paper-hand and outer elbow use a bold continuous line. Hair points create sharp silhouette corners, while trouser folds remain thinner than the exterior."
"midnight-sensationalist","thinking","src/assets/characters/states/midnight-sensationalist/thinking.png","58c4402b6ea3d73adba68184978d5630336b5926cfb39f6796346864a67a0106","1254","1254","1226","0","b","keep","none","high","Chin-hand and outer paper-arm retain a bold connected line comparable to selection. The face profile stays enclosed; sheet overlap is distinct from body contour."
"midnight-sensationalist","delivery","src/assets/characters/states/midnight-sensationalist/delivery.png","e70a04c0956d7aa56d3b7e7b4921449acdfedce2787c2d70dafb9addb835336a","1254","1254","1231","0","b","keep","none","high","Raised index finger and outer bent sleeve keep the established bolder weight. Facial and jacket silhouettes remain connected without a broad halo on dark background."
"midnight-sensationalist","light-hit","src/assets/characters/states/midnight-sensationalist/light-hit.png","cd8801a80169496591db09c7b377dd2d19a93abd5029223ad2f48a8b7d331e00","1254","1254","1198","0","b","keep","none","high","Open palm fingers and elbow remain consistently enclosed. Jaw and ear edges are comparable to selection; dark sleeve creases are internal shadow shapes."
"midnight-sensationalist","heavy-hit","src/assets/characters/states/midnight-sensationalist/heavy-hit.png","0231f0390b79f4c952a0183587fb841ade8170aa2dd04cb0aa85f041432a14dc","1254","1254","1211","0","b","keep","none","high","Extended paper-arm and raised palm retain the same dark silhouette family. Shoulder and trouser outlines remain stable despite the larger recoil gesture."
"midnight-sensationalist","weakness","src/assets/characters/states/midnight-sensationalist/weakness.png","0a8a9a9a2abec370db5b1fed367befddb8a087d9a4c38f540a5839dc9d70b6b2","1254","1254","1229","0","b","keep","none","high","Hand-to-chest overlap is cleanly separated from the outer sleeve. The lower jaw and outside elbow preserve the package's bold contour without an obvious state-specific jump."
"midnight-sensationalist--alternate","selection","src/assets/characters/midnight-sensationalist--alternate.png","2cac3d15c9cd240a912c87dc6536ac6636161377a92271bca359abaa3d485b86","1254","1254","1223","0","b","keep","low","high","Hair-lock perimeter, sleeve and trouser outer edge are fine and connected. The paper stack has multiple thin edges; these are separate sheets rather than a halo."
"midnight-sensationalist--alternate","thinking","src/assets/characters/states/midnight-sensationalist--alternate/thinking.png","06c3a2face4116836f750e656bc43e8d41f787c00c991a3ee033f02aea52c669","1254","1254","1221","0","b","keep","low","high","Raised ear-hand and elbow remain enclosed with comparable ink. Curl tips keep a dark edge; no obvious thickening appears from selection to thinking."
"midnight-sensationalist--alternate","delivery","src/assets/characters/states/midnight-sensationalist--alternate/delivery.png","d9c386d68f5db6f4bdf740199ed9c66703bde37006499b89ea3b13e0b22fd6ab","1254","1254","1224","0","b","keep","low","high","Extended paper-arm and open chest-hand stay fine and connected. The jacket hem retains selection weight; paper corners are thinner than the main silhouette."
"midnight-sensationalist--alternate","light-hit","src/assets/characters/states/midnight-sensationalist--alternate/light-hit.png","79e54a5674c558d2dccce6fc82aa4c518fbda8f45440562352430233216a1231","1254","1254","1221","0","b","keep","low","high","Turned face, hair curls and paper-gripping wrist have continuous outlines. The sleeve is slightly stronger than facial detail, consistent with the package's hierarchy."
"midnight-sensationalist--alternate","heavy-hit","src/assets/characters/states/midnight-sensationalist--alternate/heavy-hit.png","556195c1660edaf802caad94e9ba91a48b429285c0df4d469a6af0f3deab1bc2","1254","1254","1215","0","b","keep","low","high","Raised palm and splayed jacket hem retain the same contour family. Darker mass at curl tips comes from hair fill; no broad external stroke jump is evident."
"midnight-sensationalist--alternate","weakness","src/assets/characters/states/midnight-sensationalist--alternate/weakness.png","1da76ca782e13af92f818445282bdcced0f9c6bd07bc0048f4641615e303d466","1254","1254","1219","0","b","keep","low","high","Close paper-arm and lowered hair locks keep connected fine outlines. Trouser edge is stable; the compact gesture does not introduce visible heavy contour bands."
"oat-milk-reformist","selection","src/assets/characters/oat-milk-reformist.png","224e263d080229f4e59810728774f4a76e4f7bf1afd22f498d265c1812c69619","1254","1254","1192","0","b","keep","none","high","Outside elbow, blazer lapel and jaw are strongly connected. Hair silhouette remains bounded; beard texture is internal detail rather than a broken chin outline."
"oat-milk-reformist","thinking","src/assets/characters/states/oat-milk-reformist/thinking.png","0373d200958e5459d6782423a227d8014e2940df49155d85baaecb6abd087deb","1254","1254","1197","0","b","keep","none","high","Chin-hand and raised sleeve match the established bold silhouette. The elbow curve remains clean, with finer shirt-button and pocket lines inside."
"oat-milk-reformist","delivery","src/assets/characters/states/oat-milk-reformist/delivery.png","248c2b25e6c894b0184f918d938ff646773ae00f4e0758c64dd4a61fa547b46a","1254","1254","1199","0","b","keep","none","high","Open palm and outer elbow keep controlled dark outlines. The front shoe projection changes shape without an obvious weight jump at the ankle or trouser edge."
"oat-milk-reformist","light-hit","src/assets/characters/states/oat-milk-reformist/light-hit.png","87a1cf1aab83a34c31c07a3cb77c8a53bb4c2393390a94af88636b86c34b8e5d","1254","1254","1185","0","b","keep","none","high","Raised palm, wrist cuff and outside elbow remain connected. The jaw and upper hair contour stay comparable to the selection in relative weight."
"oat-milk-reformist","heavy-hit","src/assets/characters/states/oat-milk-reformist/heavy-hit.png","79324a3d0101eb881a7eb00946079ed260d8010b3079ddcbc2d8e443b2175332","1254","1254","1182","0","b","keep","none","high","Diagonal shoulder, elbow and bent trouser edges keep the same bold treatment. Dark cuff overlap and shoe soles are filled forms rather than doubled contour bands."
"oat-milk-reformist","weakness","src/assets/characters/states/oat-milk-reformist/weakness.png","50ce87cb9351f86e53cd8be120eb293cbfc6ab2873cb4424d1eab4a6f691e3b2","1254","1254","1182","0","b","keep","none","high","Crossed forearms and rounded shoulders retain a stable dark silhouette. The beard-side jaw boundary stays enclosed, with no clear missing contour or pale halo."
"oat-milk-reformist--alternate","selection","src/assets/characters/oat-milk-reformist--alternate.png","7c088776090ce67c0972361cb36343edf154e90f6fd819be958c72a5ab3fd57e","1254","1254","1212","0","b","correct","medium","high","Orange outer elbow and cuff have a connected dark line; the blonde side hair and ends fade into fine strands without an equally definite silhouette border. Exterior ink was processed without alpha changes; 6 reviewed outer edges pass 1.80–2.20. The blonde hair-over-jacket seam still needs art review."
"oat-milk-reformist--alternate","thinking","src/assets/characters/states/oat-milk-reformist--alternate/thinking.png","b8d1c04813209c37a425b38d7e994a4a65dce4d00dbc79b10368499e27b5dd6a","1254","1254","1217","0","b","correct","medium","high","Chin-hand and bent sleeve are clearly inked, while the long hair beside the shoulder retains a faint strand edge. This changes contour strength within the figure. Exterior ink was processed without alpha changes; 8 reviewed outer edges pass 1.80–2.20. The blonde hair-over-jacket seam still needs art review."
"oat-milk-reformist--alternate","delivery","src/assets/characters/states/oat-milk-reformist--alternate/delivery.png","35ef09b7a4d57124ce8fc35d39ba42bfac1f52addb926b58f3d648e4a4ce2062","1254","1254","1206","0","b","correct","medium","high","Open palm and orange elbow stay crisply outlined. Blonde hair along both shoulders has a much lighter boundary, so face/body and hair use different silhouette treatment. Exterior ink was processed without alpha changes; 8 reviewed outer edges pass 1.80–2.20. The blonde hair-over-jacket seam still needs art review."
"oat-milk-reformist--alternate","light-hit","src/assets/characters/states/oat-milk-reformist--alternate/light-hit.png","463e438f83bbf21ccfd40c5a1a7f5c55fc203d57204d528c5f2ef54b38554180","1254","1254","1208","0","b","correct","medium","high","Raised chest-hand and cuff keep solid dark edges. The outer blonde hair beside the upper arm becomes wispy and locally uninked compared with the adjacent shoulder. Exterior ink was processed without alpha changes; 8 reviewed outer edges pass 1.80–2.20. The blonde hair-over-jacket seam still needs art review."
"oat-milk-reformist--alternate","heavy-hit","src/assets/characters/states/oat-milk-reformist--alternate/heavy-hit.png","26a3b49a7617f18283288ce88b667e18a7c0200f1434e48ff65ab3a0cd8008c8","1254","1254","1209","0","b","correct","medium","high","Recoiling orange sleeve has a connected dark outline, but hair swept behind the shoulder ends in light loose strands without the same dark enclosure. This is the clearest mismatch. Exterior ink was processed without alpha changes; 8 reviewed outer edges pass 1.80–2.20. The blonde hair-over-jacket seam still needs art review."
"oat-milk-reformist--alternate","weakness","src/assets/characters/states/oat-milk-reformist--alternate/weakness.png","dce0e10dca552a9db034084460128b3385c7cda109ba744f4f8eb1b2229fb7df","1254","1254","1211","0","b","correct","medium","high","Crossed forearms keep a continuous dark edge. Hair on the shoulder remains much finer and less enclosed than the jacket, despite otherwise stable body contour weight. Exterior ink was processed without alpha changes; 8 reviewed outer edges pass 1.80–2.20. The blonde hair-over-jacket seam still needs art review."
"red-folded-chairman","selection","src/assets/characters/red-folded-chairman.png","98d86a66918d475efb744fefb559d61be0dd988e2c64cf366c81d94e50778d57","1254","1254","1208","0","b","keep","low","high","Outer shoulder and elbow carry a thick continuous dark band, with similarly strong jacket and trouser edges. Jaw and glasses are distinctly finer than the garment contour."
"red-folded-chairman","thinking","src/assets/characters/states/red-folded-chairman/thinking.png","a935e9e2ff6a34d4843b71e8919ac66ff8d9ff5bb84be83ba6f34a34a135bfaf","1254","1254","1207","0","b","keep","low","high","Rounded paper-arm and shoulder retain the selection's thick silhouette. Fine face and eyeglass lines remain separate from the strong external jacket boundary."
"red-folded-chairman","delivery","src/assets/characters/states/red-folded-chairman/delivery.png","d08c402a864b998e43b41766c9a8f9483b3553e76bd4576549f168859750c79f","1254","1254","1211","0","b","keep","low","high","Outside elbow and jacket perimeter remain thick and connected; face profile is lighter. The speech expression changes internal mouth shapes without a body-outline jump."
"red-folded-chairman","light-hit","src/assets/characters/states/red-folded-chairman/light-hit.png","13d9cb209b6705ec91cf327c6ef7e6933b47c6468b52e12f3246d22e5668a47e","1254","1254","1198","0","b","keep","low","high","Reclining shoulder, sleeve and jacket hem keep the bold continuous contour. Hair rim is finer; no clear single-state increase in garment weight is visible."
"red-folded-chairman","heavy-hit","src/assets/characters/states/red-folded-chairman/heavy-hit.png","4059d7ed82d38683ec46c79b4c83a5a7a237b08eeab741a2e523f4835edec13a","1254","1254","1190","0","b","keep","low","high","Diagonal elbow and extended trouser edge preserve the package's heavy outline. The folder and face remain finer, producing a stable garment-to-head hierarchy."
"red-folded-chairman","weakness","src/assets/characters/states/red-folded-chairman/weakness.png","87c3aec3bac1c6a1b1e800607aea93b2f958adb269151c068224669f87def93d","1254","1254","1195","0","b","keep","low","high","Compact shoulders and crossed body silhouette retain thick black edges. The jaw and glasses remain comparatively fine; overlap density does not establish a new outer-stroke defect."
"red-folded-chairman--alternate","selection","src/assets/characters/red-folded-chairman--alternate.png","2d97d2f0aa2a5c17284f55bce02b4dc6dd0d2563e47e3d185c0667ee005d9eb0","1254","1254","1197","0","b","keep","none","high","Outer sleeve, skirt and calves have continuous fine-to-moderate outlines. Blonde hair locks remain enclosed; the red folder uses a finer border than the body."
"red-folded-chairman--alternate","thinking","src/assets/characters/states/red-folded-chairman--alternate/thinking.png","f8188bc9866b98bdc1072845f5d912be0eafb4c6eb993cce82522b09c42298a4","1254","1254","1199","0","b","keep","none","high","Chin-hand and bent elbow keep selection-like weight. The shoulder and skirt perimeter remain controlled; fine hair interior lines do not imply contour breaks."
"red-folded-chairman--alternate","delivery","src/assets/characters/states/red-folded-chairman--alternate/delivery.png","2f2dca30f12c6f435ce5b0859223f7515658e7f260255151ead65e49d241e179","1254","1254","1203","0","b","keep","none","high","Open speech-hand and extended forearm are fully enclosed. The sleeve and skirt silhouette remain consistent with selection; fingertips are naturally finer than elbow arcs."
"red-folded-chairman--alternate","light-hit","src/assets/characters/states/red-folded-chairman--alternate/light-hit.png","b2392f0f9040b33e3789fdc7ca93f187c35dab62fe5472be8cc7581aaeb23aab","1254","1254","1197","0","b","keep","none","high","Paper-gripping hands and outside elbow maintain the same outline family. The turned head and skirt hem have connected edges without visible broad halo."
"red-folded-chairman--alternate","heavy-hit","src/assets/characters/states/red-folded-chairman--alternate/heavy-hit.png","cfdd63ab91914fa22c4529843f2fbda054bb84b6e7919fb8f7ccba59d0f235e1","1254","1254","1205","0","b","keep","none","high","Raised fingers and reclined blue sleeve keep a continuous dark edge. The hair perimeter stays enclosed; the torso does not acquire a thick black band."
"red-folded-chairman--alternate","weakness","src/assets/characters/states/red-folded-chairman--alternate/weakness.png","973fd1235fee5a9b330366bd225b8ecd03202faaad4e5faefbb47f7bd701403d","1254","1254","1190","0","b","keep","none","high","Folded shoulders and fist-to-folder silhouette remain fine-to-moderate. The bent head's blonde hair stays enclosed and skirt edge retains the package's usual weight."
"reluctant-theorem","selection","src/assets/characters/reluctant-theorem.png","7ddae04a963ee8e3e00fcf425c8b52b63a4681a3b455aae3725463ca759415c1","1254","1254","1185","0","c","keep","none","high","The raised index finger, outer left sleeve and jacket hem have narrow continuous dark edges. The curls contain many dark internal marks, but these are hair drawing, not a thick silhouette stroke. No visible halo."
"reluctant-theorem","thinking","src/assets/characters/states/reluctant-theorem/thinking.png","be053dbc67ac039533f082c6af56188cdd2d9c9222c553bf91fa5c57f4e431cd","1254","1254","1193","0","c","keep","none","high","The chin hand, cuff and folded elbow keep the selection's narrow contour hierarchy. The elbow edge remains continuous through its turn; the dark crease inside it is an internal fold, not excess outer thickness."
"reluctant-theorem","delivery","src/assets/characters/states/reluctant-theorem/delivery.png","efb1574212f816e8899b79a4246da743bdf2342ab21a44e78c5f1cbda6bb3b76","1254","1254","1189","0","c","keep","none","high","The pinched speaking fingers have finer edges than the left jacket sleeve, but the same hierarchy appears in the selection. The outer coat and trouser edges do not show an obvious change in weight."
"reluctant-theorem","light-hit","src/assets/characters/states/reluctant-theorem/light-hit.png","b947fab8fcb5e23be5574858bee6876051abcc4ffe9270f4dea28e89bd0ad605","1254","1254","1184","0","c","keep","none","high","The raised palm and four visible finger gaps keep clean narrow edges. The rounded left elbow looks slightly more emphatic than the jacket side, without an abrupt lump or broken segment."
"reluctant-theorem","heavy-hit","src/assets/characters/states/reluctant-theorem/heavy-hit.png","12b6ecf37aed049af6f576b30cc59720991089c97ba93831035d4efa348da19b","1254","1254","1182","0","c","keep","none","high","The open right palm, turned cheek and lifted forearm retain connected contours. The tiny finger separations are finer than the long coat outline, with no visible discontinuity or broad fringe."
"reluctant-theorem","weakness","src/assets/characters/states/reluctant-theorem/weakness.png","1a40f48bba15d2adfa2f5f5480c3f03e460a8bb1ef76439dbfab43313e30e56a","1254","1254","1178","0","c","keep","none","high","The lapel hand and envelope hand remain separately edged; the outer left sleeve and lower coat match the selection's fine treatment. No dark accumulation appears where the arms close toward the body."
"retiring-cassandra","selection","src/assets/characters/retiring-cassandra.png","4d290ecfc95984f02f4803f21f431fb3503b6be0fb6ea1cff8c0b2bc5dabafa7","1254","1254","1111","0","c","keep","none","high","The hanging left sleeve has a clear, relatively bold continuous outer edge. The head and raised index finger use finer ink, and the suit hem remains defined without a visible surrounding fringe."
"retiring-cassandra","thinking","src/assets/characters/states/retiring-cassandra/thinking.png","287596e040eadd6db656d532ee13898c78e8da0f5d2d00012130520eb39973fc","1254","1254","1122","0","c","keep","none","high","The underside of the crossed forearm is noticeably dark and thick where it lies over the jacket. Its exposed elbow outline and the chin-hand outline remain continuous and consistent with the selection."
"retiring-cassandra","delivery","src/assets/characters/states/retiring-cassandra/delivery.png","b971c7b2b11aaeb6425aa2dffaefc1f58015e89aadfce39e0208f325ceb044a8","1254","1254","1143","0","c","keep","none","high","The outer left elbow and lower forearm carry the same bold suit border as thinking. The speaking hand's finer finger edges remain legible and are not broken."
"retiring-cassandra","light-hit","src/assets/characters/states/retiring-cassandra/light-hit.png","5739ccc0b97dc97e145ca97bed455f3e9088f9d0d12d2d4c36ae16073cc804eb","1254","1254","1112","0","c","keep","none","high","The raised left forearm and rounded elbow keep a bold connected outline. Fine cheek and beard details differ from the coat outline by function, with no isolated thinning of the suit edge."
"retiring-cassandra","heavy-hit","src/assets/characters/states/retiring-cassandra/heavy-hit.png","334fc8d55f09e52df9fa8f78961ccfcf2119344a722aafc6fbaee7b3235bc5f9","1254","1254","1099","0","c","keep","none","high","The recoil sleeve, extended palm and angled jacket hem stay continuous. The more exposed finger gaps are finer than the coat contour, with no obvious loss of silhouette coverage."
"retiring-cassandra","weakness","src/assets/characters/states/retiring-cassandra/weakness.png","6c3fa9892684c5e2da0ce889b4750c35b5a32ecbecddf45ab8e1ff0d372abc0f","1254","1254","1101","0","c","keep","none","high","The near-side crossed elbow and jacket edge have the package's strongest dark masses. These follow sleeve overlap and shading; the actual outer path remains smooth and comparable with thinking."
"retiring-cassandra--statesman","selection","src/assets/characters/retiring-cassandra--statesman.png","dd5fdf1637b275f2976858517d947c3ca3986b98552ee10666060e4376de10d2","1254","1254","1137","0","c","keep","none","high","The bob, pointed index finger, left elbow and trouser hems have continuous restrained dark borders. The left elbow is slightly stronger than the long trouser edge, with a controlled transition."
"retiring-cassandra--statesman","thinking","src/assets/characters/states/retiring-cassandra--statesman/thinking.png","07d65f5d4f4d3ecbd135622ecb3295ce83c4d66ac0631c4f77fd6324b08813de","1254","1254","1140","0","c","keep","none","high","The crossed forearm forms a darker bottom edge where it overlaps the torso. The outer shoulder and elbow stay close to the selection, and the added darkness reads as overlap rather than changed outline weight."
"retiring-cassandra--statesman","delivery","src/assets/characters/states/retiring-cassandra--statesman/delivery.png","10aa0d4cde1c6a1ad25e76f07825da7ffc2f3e350b5285c3ea36e26235221d4b","1254","1254","1140","0","c","keep","none","high","The long speaking forearm and open palm retain fine outlines. The left cuff and rounded elbow are stronger than the fingers, but there is no abrupt thickness change along the same outer segment."
"retiring-cassandra--statesman","light-hit","src/assets/characters/states/retiring-cassandra--statesman/light-hit.png","748a1eca431fb57fd7fe1d0dd86f841222896a7d176dd98d6ff7d705c90a8ab5","1254","1254","1126","0","c","keep","none","high","The raised near-side elbow and jacket waist keep connected dark contours. The cheek edge remains finer than the suit silhouette, consistently with the selection; no obvious outline dropout."
"retiring-cassandra--statesman","heavy-hit","src/assets/characters/states/retiring-cassandra--statesman/heavy-hit.png","2aa7ee0720afd5d309aabd08272ab0735770584aa8ed4828fadaf0009fc54c72","1254","1254","1140","0","c","keep","none","high","The stop-palm fingers stay separated. The sleeve underside, flared jacket corner and bent trouser edges retain the package's modest contour weight without a visible halo."
"retiring-cassandra--statesman","weakness","src/assets/characters/states/retiring-cassandra--statesman/weakness.png","899bbd564410901977cb9f88d2d51b9942106ecbf407b02793ce8490b16b0c76","1254","1254","1132","0","c","keep","none","high","The crossed arms add dark internal overlap lines, while the outer shoulder and jacket hem remain comparable to the selection. The bob edge remains clean against both backgrounds."
"spreadsheet-technocrat","selection","src/assets/characters/spreadsheet-technocrat.png","3ae3b3bc472c097d5d9a6a1e0632998bf9d5a85b3a587322f77afad7027fdca3","1254","1254","1186","0","c","keep","none","high","The bald scalp and outer left sleeve have solid continuous dark borders. The suit outline is bolder than the pen details, and no sudden heavy patch appears along the long hanging arm."
"spreadsheet-technocrat","thinking","src/assets/characters/states/spreadsheet-technocrat/thinking.png","358cef7095b4fb58cd2a19f05fdc0ab102c1b1a00faad04d183e6077ae81a044","1254","1254","1187","0","c","keep","none","high","The bent near-side elbow has a bold smooth outside line. The long dark diagonal under the forearm is an overlap boundary; the exposed shoulder and scalp match the selection's weight."
"spreadsheet-technocrat","delivery","src/assets/characters/states/spreadsheet-technocrat/delivery.png","35b02ca88baf9e72cce9a9fd89f74120645b9f226fd94eed7224b2540dc18b65","1254","1254","1182","0","c","keep","none","high","The open palm and pen hand remain edged without fingers merging. The left elbow and coat side retain the selection's bold suit contour, with no pale halo on the dark composite."
"spreadsheet-technocrat","light-hit","src/assets/characters/states/spreadsheet-technocrat/light-hit.png","5b1bd76788417fb8656814f25e3654e73579ae8979cd0e1453b5898750ebb2e0","1254","1254","1193","0","c","keep","none","high","The stop-palm fingers keep thin internal divisions inside a continuous outer border. The near-side sleeve and jacket hem have the same strong contour treatment as the selection."
"spreadsheet-technocrat","heavy-hit","src/assets/characters/states/spreadsheet-technocrat/heavy-hit.png","fc1b1509431b6b7b3f37fafd4c4a31f20718f2563c9e635a899c166e3df5f84c","1254","1254","1162","0","c","keep","none","high","The tilted scalp, folded forearms and bent knee preserve connected outlines. The jacket's lower black wedge follows the lifted hem and shadow; it is not evidence of a uniformly wider silhouette stroke."
"spreadsheet-technocrat","weakness","src/assets/characters/states/spreadsheet-technocrat/weakness.png","5a724217be7a13039fc3f8b1d25cb8691bf7c4ed954f11e805d33310ab035887","1254","1254","1184","0","c","keep","none","high","The crossed arms make a dark diagonal overlap, but the exposed outer upper arm and coat hem stay controlled. The small pen projects cleanly without a detached dark smear."
"thunder-tribune","selection","src/assets/characters/thunder-tribune.png","cc326d684ee5ec6d8bc38c911454d55295018150a79430b15aa7418d40fbf258","1254","1254","1217","0","c","keep","none","high","The bent left sleeve carries bold continuous outside ink through several cloth folds. Finger and hair contours are finer, and the paper edge is clear. No broad light halo appears around the suit."
"thunder-tribune","thinking","src/assets/characters/states/thunder-tribune/thinking.png","e70a5985ca10a906f2de139fca7a31a66dbcb1f838b8f4d29d4a2c38a1077a0d","1254","1254","1224","0","c","keep","none","high","The near-side bent elbow and the chin hand preserve the selection's hierarchy. Dark triangular spaces between sleeve folds are shading or occlusion, not separate thick outline defects."
"thunder-tribune","delivery","src/assets/characters/states/thunder-tribune/delivery.png","a3342f26d82e38ddd48adb2bd20ef3e012e7393387c79132f114234f83a9e46d","1254","1254","1210","0","c","keep","none","high","The raised fist and lower sleeve remain continuously edged. The outside left elbow stays as bold as selection; the facial mouth outline is stronger because of the open mouth shape, not altered silhouette ink."
"thunder-tribune","light-hit","src/assets/characters/states/thunder-tribune/light-hit.png","66b00694a8d09da3cf58dd7366bfe7d7aa423f1a00da60d1a36d822475dd8242","1254","1254","1216","0","c","keep","none","high","The recoiling near-side sleeve and right cuff retain the same coat contour treatment. The raised fingers and paper remain individually outlined with no obvious broken segment."
"thunder-tribune","heavy-hit","src/assets/characters/states/thunder-tribune/heavy-hit.png","4496087ae6e0944eb8f9a36c73947c8d67ddb156304c09615c2732d66ef0597d","1254","1254","1212","0","c","keep","none","high","The stop-palm fingers are slimmer in ink than the folded left sleeve, matching the material hierarchy. The broad cuff and jacket side remain connected and free of a visible broad fringe."
"thunder-tribune","weakness","src/assets/characters/states/thunder-tribune/weakness.png","00db43359162960c792e4868e878b1f240afe8d76b85830f709b18a74f67d374","1254","1254","1206","0","c","keep","none","high","The tie-gripping hand and paper hand remain distinct. The outer sleeve bends carry the same bold border as selection, without extra dark accumulation from the tighter pose."
"thunder-tribune--alternate","selection","src/assets/characters/thunder-tribune--alternate.png","f23d3aff20f810b51a7bc9b7b828ea836d1bb814d500c643e4fc539957644568","1254","1254","1222","0","c","keep","low","high","The white blouse sleeve has a strong continuous dark outline, while blonde fly-out tips on both sides taper to light fine strands. Skirt and pointed hand borders are coherent; no broad halo is visible on the dark sheet."
"thunder-tribune--alternate","thinking","src/assets/characters/states/thunder-tribune--alternate/thinking.png","eb2f84c799d54c6a579e43a98607d7a4bf9e873a32621eae95337115c6915d3a","1254","1254","1224","0","c","keep","low","high","The rounded blouse elbow keeps the same dark weight as selection. The outward hair tips remain softer and lighter than the sleeve edge; the chin hand is distinct without a fused contour."
"thunder-tribune--alternate","delivery","src/assets/characters/states/thunder-tribune--alternate/delivery.png","9e980f9a6577c7f78d8820c108a15b6705307b5599f6d03865becf2fc2af857b","1254","1254","1224","0","c","keep","low","high","The raised fist, sleeve opening and skirt edge have connected dark outlines. Blonde tips near both shoulders remain lightly edged compared with those hard contours, making the head-to-clothing treatment less uniform."
"thunder-tribune--alternate","light-hit","src/assets/characters/states/thunder-tribune--alternate/light-hit.png","16bdc4aab1c52f5fbec5feb207bf60f81c8a08bc80ce522f818698cea003ef02","1254","1254","1224","0","c","keep","low","high","The recoiling fist and wide blouse sleeve retain the package's clothing weight. The outward blonde tips are fine and partially uninked in appearance, consistent with selection rather than a new pose-specific failure."
"thunder-tribune--alternate","heavy-hit","src/assets/characters/states/thunder-tribune--alternate/heavy-hit.png","1f769ce7650638eb163c8ce3bcfc6d33214a5fef60bf1d138d8e4cd227090f9c","1254","1254","1219","0","c","keep","low","high","The spread hand keeps continuous narrow finger borders, and the wide sleeve edge is stable. The lifted blonde tips remain soft against the hard blouse outline; no large fringe is visible in either composite."
"thunder-tribune--alternate","weakness","src/assets/characters/states/thunder-tribune--alternate/weakness.png","14fd5f214a0cd0e31a84c0d74bac11869cfa09d189d4eb1b05a649542dba6498","1254","1254","1229","0","c","keep","low","high","The hand at the collar and the paper hand stay separated by clean contours. The sleeve and skirt borders match the other states; both hair fly-outs still taper more softly than the clothing silhouette."
"velvet-mogul","selection","src/assets/characters/velvet-mogul.png","fd9d730cf30c45e76aef525e8100a327810da520f7ea1a9d35b68af8f6e5bcd2","1254","1254","1171","0","c","keep","none","high","The outer left elbow and coat side have emphatic thick black edges. The scalp and white beard also use strong ink, while the pipe's black stem is a filled prop and should not be treated as an outline-width sample."
"velvet-mogul","thinking","src/assets/characters/states/velvet-mogul/thinking.png","3dde973fe6dfe2fab3084a38a26d454a61cfe1ab589d49a43cbdcde4c84f1c77","1254","1254","1172","0","c","keep","none","high","The raised elbow curve has the same heavy border as selection. The chin finger remains distinct from the beard; the black pipe stem stays clean without a separate broad fringe."
"velvet-mogul","delivery","src/assets/characters/states/velvet-mogul/delivery.png","dce229ef9b393ffbe1325fc7533044bfa0633095e33811c05ee7f9859b9e3343","1254","1254","1172","0","c","keep","none","high","The pointing hand and left forearm carry heavy but controlled contour ink. The coat hem and cheek remain similarly bold, with no pose-specific jump from the selection."
"velvet-mogul","light-hit","src/assets/characters/states/velvet-mogul/light-hit.png","79993f354e5aeb17c4a8c8ab61138389e62988e77781175315c461a11505378b","1254","1254","1167","0","c","keep","none","high","The near-side elbow and rounded beard edge keep strong continuous outlines. The chest hand remains legible; the broad dark sleeve edge is repeated package treatment rather than a broken contour."
"velvet-mogul","heavy-hit","src/assets/characters/states/velvet-mogul/heavy-hit.png","729dce6e975e60645de41451e87551893627b46db36041532bb8442ad9307bb0","1254","1254","1171","0","c","keep","none","high","The outer left upper arm and elbow retain the heavy line through the recoil. The open palm fingers stay distinct, and the pipe hand remains separate from the sleeve border."
"velvet-mogul","weakness","src/assets/characters/states/velvet-mogul/weakness.png","b045d1d836c07890fa7da5581377d9b24be5fd1edcf51cbb57f8389081a51764","1254","1254","1166","0","c","keep","none","high","The lapel arm has the same bold lower curve and coat-edge treatment as selection. The head and beard borders remain connected, with no obvious halo despite the tighter silhouette."
"velvet-mogul--boardroom-patriarch","selection","src/assets/characters/velvet-mogul--boardroom-patriarch.png","1caf1dec09a17574589bb6be3bff24090ed496bbd35572190198c5f79a6ecd7d","1254","1254","1185","0","c","keep","none","high","The hanging coat side and bent left elbow have strong smooth dark borders. The gray hair rim uses thinner individual marks, and the open right hand remains separately outlined."
"velvet-mogul--boardroom-patriarch","thinking","src/assets/characters/states/velvet-mogul--boardroom-patriarch/thinking.png","db35112b105ebe2f70a599585eabade2ebf8105b0691c6ade3df6870a4c3295e","1254","1254","1183","0","c","keep","none","high","The broad forearm underside is dark where the arm overlaps the body, but the exposed upper arm retains the selection's contour. Chin and hair edges remain finer and coherent."
"velvet-mogul--boardroom-patriarch","delivery","src/assets/characters/states/velvet-mogul--boardroom-patriarch/delivery.png","773d8ee680f4812e4dad7b046603bffd316220161082464e064df97dc6774d48","1254","1254","1184","0","c","keep","none","high","The pointing index finger has a clean narrow boundary. The outside near-side elbow and coat hem stay medium to bold, with no sudden local enlargement or break."
"velvet-mogul--boardroom-patriarch","light-hit","src/assets/characters/states/velvet-mogul--boardroom-patriarch/light-hit.png","ecb30f31782976141ee9378587d88e18e38020e0eb57786c220704f55f9a3909","1254","1254","1187","0","c","keep","none","high","The bent elbow's underside is bold but continuous. The raised near-side fingers remain individually edged; the suit outline does not show a pose-specific change in treatment."
"velvet-mogul--boardroom-patriarch","heavy-hit","src/assets/characters/states/velvet-mogul--boardroom-patriarch/heavy-hit.png","7e013c8878a1ac0942e429df306a02292601855a5feea7ae349f3ca265e269d0","1254","1254","1180","0","c","keep","none","high","The splayed right fingers retain open gaps, while the left forearm and jacket side use the same strong suit ink. Gray hair tips remain much finer than the jacket contour."
"velvet-mogul--boardroom-patriarch","weakness","src/assets/characters/states/velvet-mogul--boardroom-patriarch/weakness.png","f713b1782820b7ffca532503b73f6872e625a32ab9721afbe708e0b28def35f4","1254","1254","1185","0","c","keep","none","high","The guarded chest and tie hands do not merge into a heavy black mass. The outer sleeve and jacket edges match selection, and the hair outline remains stable against both backgrounds."
"velvet-mogul--silk-diplomat","selection","src/assets/characters/velvet-mogul--silk-diplomat.png","717dc1efa6b37bcf595c57ba87898f55195ad0519a6d5a173ffe7d7653e28385","1254","1254","1169","0","c","keep","none","high","The watch-side sleeve and bent near-side elbow have a restrained continuous dark contour. The glasses are finer than the silhouette as expected; no halo is visible around the purple coat."
"velvet-mogul--silk-diplomat","thinking","src/assets/characters/states/velvet-mogul--silk-diplomat/thinking.png","01100f7380ea127c9edc6680577478f429529e7f48732e594ad86b772a5441be","1254","1254","1174","0","c","keep","none","high","The raised chin-hand elbow keeps the selection's modest weight. Its lower curve grows slightly darker near the sleeve shadow, without a distinct added border or abrupt thick patch."
"velvet-mogul--silk-diplomat","delivery","src/assets/characters/states/velvet-mogul--silk-diplomat/delivery.png","b19ec7dd948fc97c8ae2b7b8ab43f6997573804e88b2c35884a0bbc73efa9989","1254","1254","1178","0","c","keep","none","high","The speaking palm fingers remain cleanly separated. The near-side elbow and straight lower coat edge keep the same fine to medium outline as selection."
"velvet-mogul--silk-diplomat","light-hit","src/assets/characters/states/velvet-mogul--silk-diplomat/light-hit.png","7969715294043a3548ae6572c17522ad67c7cfdd9649e1a4c76334128835ce26","1254","1254","1163","0","c","keep","none","high","The defensive forearms have continuous borders, and the exposed elbow matches the other states. Dark creases within the sleeve remain separate from its outer edge."
"velvet-mogul--silk-diplomat","heavy-hit","src/assets/characters/states/velvet-mogul--silk-diplomat/heavy-hit.png","66458956fa51b1fa0353522e7ea8e65e052f267fa6f85d5f3fc04698b877e797","1254","1254","1187","0","c","keep","none","high","The extended palm and bent legs keep connected narrow outlines. The lower elbow looks slightly firmer where shadow meets the edge, but the whole pose remains within the package's light treatment."
"velvet-mogul--silk-diplomat","weakness","src/assets/characters/states/velvet-mogul--silk-diplomat/weakness.png","46229e7d54fd64165e3b20057807c7c9503dc81a9f09102879c509de22760948","1254","1254","1165","0","c","keep","none","high","The collar hand, watch hand and forearm edges are distinct. The coat sides and lower sleeve preserve the restrained weight, with no obvious added darkness from the compact posture."
"velvet-mogul--velvet-statesman","selection","src/assets/characters/velvet-mogul--velvet-statesman.png","f6fcfb10454fb0ba12f4d5535920912919412693159f19693cf6178003b514cd","1254","1254","1069","0","c","keep","none","high","The outer forearm, cheek, hair and coat hem carry an emphatic dark border. The line remains connected, but its relative weight is visibly heavier than the fine packages at equal figure height."
"velvet-mogul--velvet-statesman","thinking","src/assets/characters/states/velvet-mogul--velvet-statesman/thinking.png","5eec2b1cc5067d33259035bfbe169f2228d8b8f1a67720495e4497ee488594dc","1254","1254","1097","0","c","keep","none","high","The rounded raised elbow has a thick continuous bottom border and the hair contour stays bold. This follows selection rather than introducing a new pose-specific weight."
"velvet-mogul--velvet-statesman","delivery","src/assets/characters/states/velvet-mogul--velvet-statesman/delivery.png","2a53bc0bb35b25b0c37cc292c8eac1317e0d19c3f9675893bbbb6dc64f713350","1254","1254","1072","0","c","keep","none","high","The raised index finger, outer sleeve curve and cheek use the package's strong black outline. The white cuff remains bounded cleanly; the heavier ink does not visibly close the finger silhouette."
"velvet-mogul--velvet-statesman","light-hit","src/assets/characters/states/velvet-mogul--velvet-statesman/light-hit.png","303014ce18231fe40b08e302b4294e9d316f5e1ce63ff6db4269f509eeddeaf3","1254","1254","1080","0","c","keep","none","high","The small stop-palm gesture sits inside the same bold sleeve and coat contours. Fine internal finger divisions remain subordinate to the thick outside edge without a visible break."
"velvet-mogul--velvet-statesman","heavy-hit","src/assets/characters/states/velvet-mogul--velvet-statesman/heavy-hit.png","46e297119b34b76b017edf917ab47f6eae77de4cdc47d149cfd96de121e6de6f","1254","1254","1070","0","c","keep","none","high","The spread fingers and both cuffs retain strong connected borders. Bent coat and trouser edges remain as heavy as selection, making this a useful broad-gesture calibration case."
"velvet-mogul--velvet-statesman","weakness","src/assets/characters/states/velvet-mogul--velvet-statesman/weakness.png","594168296a088d593a62ccdc7580a6661f0909cc27fa8e41808998ff9356e79a","1254","1254","1074","0","c","keep","none","high","The chest hand and closed lapel hand stay distinct, surrounded by heavy sleeve borders. Coat side and hair contours remain consistent with selection, without an obvious new halo or dropout."
